Workbook

Sheet Income Distribution
A40: Chart data: share of households within each planning area
A41: Planning Area | B41: No employed person | C41: Below $1,000 | D41: $1,000 - $1,999 | E41: $2,000 - $2,999 | F41: $3,000 - $3,999 | G41: $4,000 - $4,999 | H41: $5,000 - $5,999 | I41: $6,000 - $6,999 | J41: $7,000 - $7,999 | K41: $8,000 - $8,999 | L41: $9,000 - $9,999 | M41: $10,000 - $10,999 | N41: $11,000 - $11,999 | O41: $12,000 - $12,999 | P41: $13,000 - $13,999 | Q41: $14,000 - $14,999 | R41: $15,000 - $17,499 | S41: $17,500 - $19,999 | T41: $20,000 & over
A42: Ang Mo Kio | B42: ='Source Data'!C5/SUM('Source Data'!$C5:$U5) -> 0.19022551 | C42: ='Source Data'!D5/SUM('Source Data'!$C5:$U5) -> 0.025955694 | D42: ='Source Data'!E5/SUM('Source Data'!$C5:$U5) -> 0.070211565 | E42: ='Source Data'!F5/SUM('Source Data'!$C5:$U5) -> 0.059068717 | F42: ='Source Data'!G5/SUM('Source Data'!$C5:$U5) -> 0.067006543 | G42: ='Source Data'!H5/SUM('Source Data'!$C5:$U5) -> 0.055714238 | H42: ='Source Data'!I5/SUM('Source Data'!$C5:$U5) -> 0.052476004 | I42: ='Source Data'!J5/SUM('Source Data'!$C5:$U5) -> 0.048656548 | ... T42: ='Source Data'!U5/SUM('Source Data'!$C5:$U5) -> 0.10847255
A43: Bedok | B43: ='Source Data'!C6/SUM('Source Data'!$C6:$U6) -> 0.17240036 | C43: ='Source Data'!D6/SUM('Source Data'!$C6:$U6) -> 0.022582828 | D43: ='Source Data'!E6/SUM('Source Data'!$C6:$U6) -> 0.054104478 | E43: ='Source Data'!F6/SUM('Source Data'!$C6:$U6) -> 0.053509923 | F43: ='Source Data'!G6/SUM('Source Data'!$C6:$U6) -> 0.056533951 | G43: ='Source Data'!H6/SUM('Source Data'!$C6:$U6) -> 0.047892406 | H43: ='Source Data'!I6/SUM('Source Data'!$C6:$U6) -> 0.051767263 | I43: ='Source Data'!J6/SUM('Source Data'!$C6:$U6) -> 0.039958176 | ... T43: ='Source Data'!U6/SUM('Source Data'!$C6:$U6) -> 0.17598819
A44: Bishan | B44: ='Source Data'!C7/SUM('Source Data'!$C7:$U7) -> 0.14983868 | C44: ='Source Data'!D7/SUM('Source Data'!$C7:$U7) -> 0.017252505 | D44: ='Source Data'!E7/SUM('Source Data'!$C7:$U7) -> 0.033384276 | E44: ='Source Data'!F7/SUM('Source Data'!$C7:$U7) -> 0.030905077 | F44: ='Source Data'!G7/SUM('Source Data'!$C7:$U7) -> 0.042519952 | G44: ='Source Data'!H7/SUM('Source Data'!$C7:$U7) -> 0.033384276 | H44: ='Source Data'!I7/SUM('Source Data'!$C7:$U7) -> 0.04184072 | I44: ='Source Data'!J7/SUM('Source Data'!$C7:$U7) -> 0.043742571 | ... T44: ='Source Data'!U7/SUM('Source Data'!$C7:$U7) -> 0.23419935
A45: Bukit Batok | B45: ='Source Data'!C8/SUM('Source Data'!$C8:$U8) -> 0.11019025 | C45: ='Source Data'!D8/SUM('Source Data'!$C8:$U8) -> 0.015599389 | D45: ='Source Data'!E8/SUM('Source Data'!$C8:$U8) -> 0.061292521 | E45: ='Source Data'!F8/SUM('Source Data'!$C8:$U8) -> 0.055362175 | F45: ='Source Data'!G8/SUM('Source Data'!$C8:$U8) -> 0.058198427 | G45: ='Source Data'!H8/SUM('Source Data'!$C8:$U8) -> 0.058272096 | H45: ='Source Data'!I8/SUM('Source Data'!$C8:$U8) -> 0.059340295 | I45: ='Source Data'!J8/SUM('Source Data'!$C8:$U8) -> 0.049173988 | ... T45: ='Source Data'!U8/SUM('Source Data'!$C8:$U8) -> 0.13153581
A46: Bukit Merah | B46: ='Source Data'!C9/SUM('Source Data'!$C9:$U9) -> 0.2084457 | C46: ='Source Data'!D9/SUM('Source Data'!$C9:$U9) -> 0.031809578 | D46: ='Source Data'!E9/SUM('Source Data'!$C9:$U9) -> 0.076768455 | E46: ='Source Data'!F9/SUM('Source Data'!$C9:$U9) -> 0.058024423 | F46: ='Source Data'!G9/SUM('Source Data'!$C9:$U9) -> 0.058007672 | G46: ='Source Data'!H9/SUM('Source Data'!$C9:$U9) -> 0.039179886 | H46: ='Source Data'!I9/SUM('Source Data'!$C9:$U9) -> 0.042563527 | I46: ='Source Data'!J9/SUM('Source Data'!$C9:$U9) -> 0.036918541 | ... T46: ='Source Data'!U9/SUM('Source Data'!$C9:$U9) -> 0.13055495
A47: Bukit Panjang | B47: ='Source Data'!C10/SUM('Source Data'!$C10:$U10) -> 0.10070902 | C47: ='Source Data'!D10/SUM('Source Data'!$C10:$U10) -> 0.015052431 | D47: ='Source Data'!E10/SUM('Source Data'!$C10:$U10) -> 0.038181776 | E47: ='Source Data'!F10/SUM('Source Data'!$C10:$U10) -> 0.055322273 | F47: ='Source Data'!G10/SUM('Source Data'!$C10:$U10) -> 0.058787086 | G47: ='Source Data'!H10/SUM('Source Data'!$C10:$U10) -> 0.057272665 | H47: ='Source Data'!I10/SUM('Source Data'!$C10:$U10) -> 0.060255616 | I47: ='Source Data'!J10/SUM('Source Data'!$C10:$U10) -> 0.058351116 | ... T47: ='Source Data'!U10/SUM('Source Data'!$C10:$U10) -> 0.12427434
A48: Bukit Timah | B48: ='Source Data'!C11/SUM('Source Data'!$C11:$U11) -> 0.15625889 | C48: ='Source Data'!D11/SUM('Source Data'!$C11:$U11) -> 0.011944907 | D48: ='Source Data'!E11/SUM('Source Data'!$C11:$U11) -> 0.014788933 | E48: ='Source Data'!F11/SUM('Source Data'!$C11:$U11) -> 0.018486166 | F48: ='Source Data'!G11/SUM('Source Data'!$C11:$U11) -> 0.014179499 | G48: ='Source Data'!H11/SUM('Source Data'!$C11:$U11) -> 0.019583147 | H48: ='Source Data'!I11/SUM('Source Data'!$C11:$U11) -> 0.022427173 | I48: ='Source Data'!J11/SUM('Source Data'!$C11:$U11) -> 0.019705034 | ... T48: ='Source Data'!U11/SUM('Source Data'!$C11:$U11) -> 0.45484094
A49: Choa Chu Kang | B49: ='Source Data'!C12/SUM('Source Data'!$C12:$U12) -> 0.076917774 | C49: ='Source Data'!D12/SUM('Source Data'!$C12:$U12) -> 0.015390449 | D49: ='Source Data'!E12/SUM('Source Data'!$C12:$U12) -> 0.035589335 | E49: ='Source Data'!F12/SUM('Source Data'!$C12:$U12) -> 0.047843097 | F49: ='Source Data'!G12/SUM('Source Data'!$C12:$U12) -> 0.049290798 | G49: ='Source Data'!H12/SUM('Source Data'!$C12:$U12) -> 0.052858349 | H49: ='Source Data'!I12/SUM('Source Data'!$C12:$U12) -> 0.057322096 | I49: ='Source Data'!J12/SUM('Source Data'!$C12:$U12) -> 0.057908071 | ... T49: ='Source Data'!U12/SUM('Source Data'!$C12:$U12) -> 0.11354118
A50: Clementi | B50: ='Source Data'!C13/SUM('Source Data'!$C13:$U13) -> 0.17823137 | C50: ='Source Data'!D13/SUM('Source Data'!$C13:$U13) -> 0.023922876 | D50: ='Source Data'!E13/SUM('Source Data'!$C13:$U13) -> 0.049273982 | E50: ='Source Data'!F13/SUM('Source Data'!$C13:$U13) -> 0.044870269 | F50: ='Source Data'!G13/SUM('Source Data'!$C13:$U13) -> 0.046060462 | G50: ='Source Data'!H13/SUM('Source Data'!$C13:$U13) -> 0.04222209 | H50: ='Source Data'!I13/SUM('Source Data'!$C13:$U13) -> 0.047399429 | I50: ='Source Data'!J13/SUM('Source Data'!$C13:$U13) -> 0.045673649 | ... T50: ='Source Data'!U13/SUM('Source Data'!$C13:$U13) -> 0.17986789
A51: Downtown Core | B51: ='Source Data'!C14/SUM('Source Data'!$C14:$U14) -> 0.11312217 | C51: ='Source Data'!D14/SUM('Source Data'!$C14:$U14) -> 0.013574661 | D51: ='Source Data'!E14/SUM('Source Data'!$C14:$U14) -> 0.014221073 | E51: ='Source Data'!F14/SUM('Source Data'!$C14:$U14) -> 0.020685197 | F51: ='Source Data'!G14/SUM('Source Data'!$C14:$U14) -> 0.01616031 | G51: ='Source Data'!H14/SUM('Source Data'!$C14:$U14) -> 0.030381383 | H51: ='Source Data'!I14/SUM('Source Data'!$C14:$U14) -> 0.031027796 | I51: ='Source Data'!J14/SUM('Source Data'!$C14:$U14) -> 0.029088559 | ... T51: ='Source Data'!U14/SUM('Source Data'!$C14:$U14) -> 0.40853264
A52: Geylang | B52: ='Source Data'!C15/SUM('Source Data'!$C15:$U15) -> 0.16622679 | C52: ='Source Data'!D15/SUM('Source Data'!$C15:$U15) -> 0.024490572 | D52: ='Source Data'!E15/SUM('Source Data'!$C15:$U15) -> 0.067194522 | E52: ='Source Data'!F15/SUM('Source Data'!$C15:$U15) -> 0.067741399 | F52: ='Source Data'!G15/SUM('Source Data'!$C15:$U15) -> 0.063509047 | G52: ='Source Data'!H15/SUM('Source Data'!$C15:$U15) -> 0.056661198 | H52: ='Source Data'!I15/SUM('Source Data'!$C15:$U15) -> 0.056161876 | I52: ='Source Data'!J15/SUM('Source Data'!$C15:$U15) -> 0.050241339 | ... T52: ='Source Data'!U15/SUM('Source Data'!$C15:$U15) -> 0.1176023
A53: Hougang | B53: ='Source Data'!C16/SUM('Source Data'!$C16:$U16) -> 0.11320428 | C53: ='Source Data'!D16/SUM('Source Data'!$C16:$U16) -> 0.019637342 | D53: ='Source Data'!E16/SUM('Source Data'!$C16:$U16) -> 0.0531473 | E53: ='Source Data'!F16/SUM('Source Data'!$C16:$U16) -> 0.059364682 | F53: ='Source Data'!G16/SUM('Source Data'!$C16:$U16) -> 0.057327724 | G53: ='Source Data'!H16/SUM('Source Data'!$C16:$U16) -> 0.053773032 | H53: ='Source Data'!I16/SUM('Source Data'!$C16:$U16) -> 0.055104377 | I53: ='Source Data'!J16/SUM('Source Data'!$C16:$U16) -> 0.052015657 | ... T53: ='Source Data'!U16/SUM('Source Data'!$C16:$U16) -> 0.12820854
... A72: Others | B72: ='Source Data'!C35/SUM('Source Data'!$C35:$U35) -> 0.13879353 | C72: ='Source Data'!D35/SUM('Source Data'!$C35:$U35) -> 0.011361779 | D72: ='Source Data'!E35/SUM('Source Data'!$C35:$U35) -> 0.039970574 | E72: ='Source Data'!F35/SUM('Source Data'!$C35:$U35) -> 0.047081903 | F72: ='Source Data'!G35/SUM('Source Data'!$C35:$U35) -> 0.032532287 | G72: ='Source Data'!H35/SUM('Source Data'!$C35:$U35) -> 0.035638385 | H72: ='Source Data'!I35/SUM('Source Data'!$C35:$U35) -> 0.045365375 | I72: ='Source Data'!J35/SUM('Source Data'!$C35:$U35) -> 0.046019291 | ... T72: ='Source Data'!U35/SUM('Source Data'!$C35:$U35) -> 0.30170018
A75: Each planning area is normalized to 100% using the sum of its displayed income bands. The national Total row is excluded.

Sheet Source Data
A1: Source: ResidentHouseholdsIncomebyPlanningArea.csv
A2: Household counts by planning area and monthly household income band
A3: Number | B3: Total | C3: NoEmployedPerson | D3: Below_1_000 | E3: 1_000_1_999 | F3: 2_000_2_999 | G3: 3_000_3_999 | H3: 4_000_4_999 | I3: 5_000_5_999 | J3: 6_000_6_999 | K3: 7_000_7_999 | L3: 8_000_8_999 | M3: 9_000_9_999 | N3: 10_000_10_999 | O3: 11_000_11_999 | P3: 12_000_12_999 | Q3: 13_000_13_999 | R3: 14_000_14_999 | S3: 15_000_17_499 | T3: 17_500_19_999 | U3: 20_000andOver
A4: Total | B4: 1372559 | C4: 182445 | D4: 26987 | E4: 70518 | F4: 69178 | G4: 74176 | H4: 70563 | I4: 73237 | J4: 68600 | K4: 65964 | L4: 62602 | M4: 59540 | N4: 55098 | O4: 49147 | P4: 44133 | Q4: 40473 | R4: 36066 | S4: 77041 | T4: 55319 | U4: 191473
A5: Ang Mo Kio | B5: 60220 | C5: 11455 | D5: 1563 | E5: 4228 | F5: 3557 | G5: 4035 | H5: 3355 | I5: 3160 | J5: 2930 | K5: 2642 | L5: 2253 | M5: 2307 | N5: 1923 | O5: 1859 | P5: 1332 | Q5: 1402 | R5: 1222 | S5: 2648 | T5: 1815 | U5: 6532
A6: Bedok | B6: 97551 | C6: 16818 | D6: 2203 | E6: 5278 | F6: 5220 | G6: 5515 | H6: 4672 | I6: 5050 | J6: 3898 | K6: 4251 | L6: 3360 | M6: 3712 | N6: 3266 | O6: 2685 | P6: 2624 | Q6: 2515 | R6: 1932 | S6: 4056 | T6: 3329 | U6: 17168
A7: Bishan | B7: 29445 | C7: 4412 | D7: 508 | E7: 983 | F7: 910 | G7: 1252 | H7: 983 | I7: 1232 | J7: 1288 | K7: 1097 | L7: 1040 | M7: 986 | N7: 944 | O7: 970 | P7: 892 | Q7: 862 | R7: 777 | S7: 1855 | T7: 1558 | U7: 6896
A8: Bukit Batok | B8: 54297 | C8: 5983 | D8: 847 | E8: 3328 | F8: 3006 | G8: 3160 | H8: 3164 | I8: 3222 | J8: 2670 | K8: 2783 | L8: 2751 | M8: 2371 | N8: 2017 | O8: 2197 | P8: 1529 | Q8: 1544 | R8: 1533 | S8: 2953 | T8: 2097 | U8: 7142
A9: Bukit Merah | B9: 59700 | C9: 12444 | D9: 1899 | E9: 4583 | F9: 3464 | G9: 3463 | H9: 2339 | I9: 2541 | J9: 2204 | K9: 2238 | L9: 1828 | M9: 1801 | N9: 1981 | O9: 1704 | P9: 1564 | Q9: 1340 | R9: 1328 | S9: 3190 | T9: 1994 | U9: 7794
A10: Bukit Panjang | B10: 43580 | C10: 4389 | D10: 656 | E10: 1664 | F10: 2411 | G10: 2562 | H10: 2496 | I10: 2626 | J10: 2543 | K10: 2438 | L10: 2536 | M10: 2039 | N10: 1736 | O10: 1666 | P10: 1661 | Q10: 1133 | R10: 1135 | S10: 2574 | T10: 1900 | U10: 5416
A11: Bukit Timah | B11: 24612 | C11: 3846 | D11: 294 | E11: 364 | F11: 455 | G11: 349 | H11: 482 | I11: 552 | J11: 485 | K11: 630 | L11: 561 | M11: 503 | N11: 610 | O11: 530 | P11: 484 | Q11: 459 | R11: 470 | S11: 1248 | T11: 1096 | U11: 11195
A12: Choa Chu Kang | B12: 58024 | C12: 4463 | D12: 893 | E12: 2065 | F12: 2776 | G12: 2860 | H12: 3067 | I12: 3326 | J12: 3360 | K12: 3451 | L12: 3261 | M12: 3095 | N12: 2821 | O12: 2581 | P12: 2164 | Q12: 2075 | R12: 2177 | S12: 4052 | T12: 2948 | U12: 6588
A13: Clementi | B13: 33609 | C13: 5990 | D13: 804 | E13: 1656 | F13: 1508 | G13: 1548 | H13: 1419 | I13: 1593 | J13: 1535 | K13: 1362 | L13: 1215 | M13: 1105 | N13: 1194 | O13: 1000 | P13: 915 | Q13: 917 | R13: 717 | S13: 1752 | T13: 1333 | U13: 6045
A14: Downtown Core | B14: 1547 | C14: 175 | D14: 21 | E14: 22 | F14: 32 | G14: 25 | H14: 47 | I14: 48 | J14: 45 | K14: 20 | L14: 49 | M14: 47 | N14: 53 | O14: 47 | P14: 49 | Q14: 47 | R14: 16 | S14: 102 | T14: 70 | U14: 632
A15: Geylang | B15: 42060 | C15: 6991 | D15: 1030 | E15: 2826 | F15: 2849 | G15: 2671 | H15: 2383 | I15: 2362 | J15: 2113 | K15: 1652 | L15: 1622 | M15: 1616 | N15: 1586 | O15: 1398 | P15: 1056 | Q15: 922 | R15: 954 | S15: 1764 | T15: 1316 | U15: 4946
... A35: Others | B35: 12233 | C35: 1698 | D35: 139 | E35: 489 | F35: 576 | G35: 398 | H35: 436 | I35: 555 | J35: 563 | K35: 256 | L35: 510 | M35: 375 | N35: 415 | O35: 352 | P35: 267 | Q35: 106 | R35: 219 | S35: 625 | T35: 564 | U35: 3691
